"Longitude (x)","Latitude (y)","Station Name","Climate ID","Date/Time (LST)","Year","Month","Day","Time (LST)","Temp (°C)","Temp Flag","Dew Point Temp (°C)","Dew Point Temp Flag","Rel Hum (%)","Rel Hum Flag","Precip. Amount (mm)","Precip. Amount Flag","Wind Dir (10s deg)","Wind Dir Flag","Wind Spd (km/h)","Wind Spd Flag","Visibility (km)","Visibility Flag","Stn Press (kPa)","Stn Press Flag","Hmdx","Hmdx Flag","Wind Chill","Wind Chill Flag","Weather"
"-73.74","45.47","MONTREAL INTL A","7025251","2024-05-01 00:00","2024","05","01","00:00","6.9","","2.6","","74","","","","1","","7","","24.1","","100.91","","","","","","NA"
"-73.74","45.47","MONTREAL INTL A","7025251","2024-05-01 01:00","2024","05","01","01:00","6.4","","2.2","","75","","","","34","","7","","24.1","","100.87","","","","","","Cloudy"
"-73.74","45.47","MONTREAL INTL A","7025251","2024-05-01 02:00","2024","05","01","02:00","6.4","","2.8","","78","","","","1","","4","","24.1","","100.87","","","","","","NA"
"-73.74","45.47","MONTREAL INTL A","7025251","2024-05-01 03:00","2024","05","01","03:00","6.6","","2.8","","77","","","","3","","7","","24.1","","100.84","","","","","","NA"
"-73.74","45.47","MONTREAL INTL A","7025251","2024-05-01 04:00","2024","05","01","04:00","6.7","","2.6","","75","","","","32","","8","","24.1","","100.92","","","","","","Cloudy"
"-73.74","45.47","MONTREAL INTL A","7025251","2024-05-01 05:00","2024","05","01","05:00","6.7","","2.1","","72","","","","1","","6","","24.1","","100.98","","","","","","NA"
"-73.74","45.47","MONTREAL INTL A","7025251","2024-05-01 06:00","2024","05","01","06:00","6.8","","1.7","","70","","","","2","","12","","24.1","","101.03","","","","","","NA"
"-73.74","45.47","MONTREAL INTL A","7025251","2024-05-01 07:00","2024","05","01","07:00","7.0","","2.1","","71","","","","4","","17","","24.1","","101.02","","","","","","Cloudy"
"-73.74","45.47","MONTREAL INTL A","7025251","2024-05-01 08:00","2024","05","01","08:00","8.2","","2.8","","69","","","","5","","10","","24.1","","101.05","","","","","","NA"
"-73.74","45.47","MONTREAL INTL A","7025251","2024-05-01 09:00","2024","05","01","09:00","9.3","","3.6","","67","","","","4","","9","","24.1","","101.02","","","","","","NA"
"-73.74","45.47","MONTREAL INTL A","7025251","2024-05-01 10:00","2024","05","01","10:00","10.0","","4.2","","67","","","","32","","5","","24.1","","101.03","","","","","","Cloudy"
"-73.74","45.47","MONTREAL INTL A","7025251","2024-05-01 11:00","2024","05","01","11:00","11.3","","6.5","","72","","","","36","","1","","24.1","","101.02","","","","","","NA"
"-73.74","45.47","MONTREAL INTL A","7025251","2024-05-01 12:00","2024","05","01","12:00","11.8","","5.7","","66","","","","23","","8","","24.1","","100.98","","","","","","NA"
"-73.74","45.47","MONTREAL INTL A","7025251","2024-05-01 13:00","2024","05","01","13:00","13.2","","5.9","","61","","","","20","","7","","24.1","","100.98","","","","","","Mostly Cloudy"
"-73.74","45.47","MONTREAL INTL A","7025251","2024-05-01 14:00","2024","05","01","14:00","14.7","","7.4","","61","","","","16","","8","","48.3","","100.91","","","","","","NA"
"-73.74","45.47","MONTREAL INTL A","7025251","2024-05-01 15:00","2024","05","01","15:00","14.3","","7.2","","62","","","","26","","11","","48.3","","100.89","","","","","","NA"
"-73.74","45.47","MONTREAL INTL A","7025251","2024-05-01 16:00","2024","05","01","16:00","14.9","","7.6","","61","","","","22","","11","","48.3","","100.89","","","","","","Mainly Clear"
"-73.74","45.47","MONTREAL INTL A","7025251","2024-05-01 17:00","2024","05","01","17:00","14.4","","8.0","","65","","","","22","","9","","48.3","","100.89","","","","","","NA"
"-73.74","45.47","MONTREAL INTL A","7025251","2024-05-01 18:00","2024","05","01","18:00","14.6","","8.1","","65","","","","21","","9","","24.1","","100.86","","","","","","NA"
"-73.74","45.47","MONTREAL INTL A","7025251","2024-05-01 19:00","2024","05","01","19:00","14.0","","8.5","","69","","","","30","","5","","24.1","","100.86","","","","","","Mostly Cloudy"
"-73.74","45.47","MONTREAL INTL A","7025251","2024-05-01 20:00","2024","05","01","20:00","13.3","","9.2","","76","","","","13","","7","","24.1","","100.85","","","","","","NA"
"-73.74","45.47","MONTREAL INTL A","7025251","2024-05-01 21:00","2024","05","01","21:00","13.3","","9.8","","79","","","","14","","5","","24.1","","100.89","","","","","","NA"
"-73.74","45.47","MONTREAL INTL A","7025251","2024-05-01 22:00","2024","05","01","22:00","13.2","","10.4","","83","","","","12","","9","","24.1","","100.79","","","","","","Mostly Cloudy"
"-73.74","45.47","MONTREAL INTL A","7025251","2024-05-01 23:00","2024","05","01","23:00","12.8","","10.0","","83","","","","9","","11","","24.1","","100.68","","","","","","NA"
"-73.74","45.47","MONTREAL INTL A","7025251","2024-05-02 00:00","2024","05","02","00:00","12.9","","9.8","","81","","","","9","","16","","24.1","","100.68","","","","","","NA"
"-73.74","45.47","MONTREAL INTL A","7025251","2024-05-02 01:00","2024","05","02","01:00","12.7","","9.6","","81","","","","10","","10","","24.1","","100.57","","","","","","Cloudy"
"-73.74","45.47","MONTREAL INTL A","7025251","2024-05-02 02:00","2024","05","02","02:00","12.1","","10.0","","87","","","","5","","17","","24.1","","100.64","","","","","","NA"
"-73.74","45.47","MONTREAL INTL A","7025251","2024-05-02 03:00","2024","05","02","03:00","11.9","","9.7","","86","","","","7","","19","","16.1","","100.50","","","","","","Thunderstorms,Rain Showers"
"-73.74","45.47","MONTREAL INTL A","7025251","2024-05-02 04:00","2024","05","02","04:00","11.5","","10.1","","91","","","","9","","5","","19.3","","100.56","","","","","","Thunderstorms,Rain Showers"
"-73.74","45.47","MONTREAL INTL A","7025251","2024-05-02 05:00","2024","05","02","05:00","11.6","","10.3","","92","","","","7","","13","","24.1","","100.53","","","","","","NA"
"-73.74","45.47","MONTREAL INTL A","7025251","2024-05-02 06:00","2024","05","02","06:00","10.4","","9.4","","94","","","","2","","19","","9.7","","100.64","","","","","","Fog"
"-73.74","45.47","MONTREAL INTL A","7025251","2024-05-02 07:00","2024","05","02","07:00","8.7","","7.5","","92","","","","2","","19","","9.7","","100.72","","","","","","Fog"
"-73.74","45.47","MONTREAL INTL A","7025251","2024-05-02 08:00","2024","05","02","08:00","8.7","","7.6","","93","","","","3","","21","","12.9","","100.76","","","","","","NA"
"-73.74","45.47","MONTREAL INTL A","7025251","2024-05-02 09:00","2024","05","02","09:00","9.0","","7.7","","92","","","","3","","14","","12.9","","100.81","","","","","","NA"
"-73.74","45.47","MONTREAL INTL A","7025251","2024-05-02 10:00","2024","05","02","10:00","9.7","","8.4","","92","","","","1","","11","","12.9","","100.89","","","","","","Cloudy"
"-73.74","45.47","MONTREAL INTL A","7025251","2024-05-02 11:00","2024","05","02","11:00","10.7","","8.3","","85","","","","2","","12","","12.9","","100.89","","","","","","NA"
"-73.74","45.47","MONTREAL INTL A","7025251","2024-05-02 12:00","2024","05","02","12:00","10.2","","8.8","","91","","","","3","","10","","8.1","","100.98","","","","","","Fog"
"-73.74","45.47","MONTREAL INTL A","7025251","2024-05-02 13:00","2024","05","02","13:00","11.2","","9.0","","86","","","","5","","13","","16.1","","101.07","","","","","","Cloudy"
"-73.74","45.47","MONTREAL INTL A","7025251","2024-05-02 14:00","2024","05","02","14:00","12.5","","9.0","","79","","","","6","","12","","24.1","","101.10","","","","","","NA"
"-73.74","45.47","MONTREAL INTL A","7025251","2024-05-02 15:00","2024","05","02","15:00","12.8","","8.9","","77","","","","5","","12","","24.1","","101.21","","","","","","NA"
"-73.74","45.47","MONTREAL INTL A","7025251","2024-05-02 16:00","2024","05","02","16:00","12.5","","8.3","","75","","","","6","","21","","24.1","","101.26","","","","","","Cloudy"
"-73.74","45.47","MONTREAL INTL A","7025251","2024-05-02 17:00","2024","05","02","17:00","11.9","","7.8","","76","","","","8","","20","","24.1","","101.36","","","","","","NA"
"-73.74","45.47","MONTREAL INTL A","7025251","2024-05-02 18:00","2024","05","02","18:00","12.1","","7.5","","73","","","","7","","16","","24.1","","101.42","","","","","","NA"
"-73.74","45.47","MONTREAL INTL A","7025251","2024-05-02 19:00","2024","05","02","19:00","12.2","","7.8","","74","","","","6","","11","","24.1","","101.50","","","","","","Mostly Cloudy"
"-73.74","45.47","MONTREAL INTL A","7025251","2024-05-02 20:00","2024","05","02","20:00","11.3","","7.7","","78","","","","6","","16","","24.1","","101.53","","","","","","NA"
"-73.74","45.47","MONTREAL INTL A","7025251","2024-05-02 21:00","2024","05","02","21:00","10.8","","7.4","","79","","","","6","","14","","24.1","","101.57","","","","","","NA"
"-73.74","45.47","MONTREAL INTL A","7025251","2024-05-02 22:00","2024","05","02","22:00","10.8","","7.5","","79","","","","7","","9","","24.1","","101.57","","","","","","Mostly Cloudy"
"-73.74","45.47","MONTREAL INTL A","7025251","2024-05-02 23:00","2024","05","02","23:00","11.1","","7.5","","78","","","","7","","9","","24.1","","101.58","","","","","","NA"
"-73.74","45.47","MONTREAL INTL A","7025251","2024-05-03 00:00","2024","05","03","00:00","10.7","","7.5","","80","","","","7","","18","","24.1","","101.59","","","","","","NA"
"-73.74","45.47","MONTREAL INTL A","7025251","2024-05-03 01:00","2024","05","03","01:00","10.1","","7.5","","84","","","","6","","17","","24.1","","101.58","","","","","","Cloudy"
"-73.74","45.47","MONTREAL INTL A","7025251","2024-05-03 02:00","2024","05","03","02:00","9.7","","7.0","","83","","","","6","","17","","24.1","","101.59","","","","","","NA"
"-73.74","45.47","MONTREAL INTL A","7025251","2024-05-03 03:00","2024","05","03","03:00","9.6","","6.7","","82","","","","4","","17","","24.1","","101.63","","","","","","NA"
"-73.74","45.47","MONTREAL INTL A","7025251","2024-05-03 04:00","2024","05","03","04:00","8.9","","6.2","","83","","","","3","","17","","24.1","","101.68","","","","","","Cloudy"
"-73.74","45.47","MONTREAL INTL A","7025251","2024-05-03 05:00","2024","05","03","05:00","8.8","","6.0","","82","","","","4","","14","","24.1","","101.74","","","","","","NA"
"-73.74","45.47","MONTREAL INTL A","7025251","2024-05-03 06:00","2024","05","03","06:00","8.9","","5.5","","79","","","","6","","14","","24.1","","101.79","","","","","","NA"
"-73.74","45.47","MONTREAL INTL A","7025251","2024-05-03 07:00","2024","05","03","07:00","8.9","","5.6","","79","","","","4","","17","","24.1","","101.82","","","","","","Cloudy"
"-73.74","45.47","MONTREAL INTL A","7025251","2024-05-03 08:00","2024","05","03","08:00","9.0","","5.7","","80","","","","4","","16","","24.1","","101.89","","","","","","NA"
"-73.74","45.47","MONTREAL INTL A","7025251","2024-05-03 09:00","2024","05","03","09:00","9.6","","6.2","","79","","","","3","","15","","24.1","","101.88","","","","","","NA"
"-73.74","45.47","MONTREAL INTL A","7025251","2024-05-03 10:00","2024","05","03","10:00","10.8","","7.3","","79","","","","5","","14","","24.1","","101.85","","","","","","Cloudy"
"-73.74","45.47","MONTREAL INTL A","7025251","2024-05-03 11:00","2024","05","03","11:00","11.8","","7.3","","73","","","","6","","11","","24.1","","101.85","","","","","","NA"
"-73.74","45.47","MONTREAL INTL A","7025251","2024-05-03 12:00","2024","05","03","12:00","13.6","","9.4","","76","","","","8","","9","","24.1","","101.78","","","","","","NA"
"-73.74","45.47","MONTREAL INTL A","7025251","2024-05-03 13:00","2024","05","03","13:00","16.8","","9.9","","63","","","","9","","9","","48.3","","101.72","","","","","","Cloudy"
"-73.74","45.47","MONTREAL INTL A","7025251","2024-05-03 14:00","2024","05","03","14:00","18.9","","11.2","","61","","","","10","","18","","48.3","","101.66","","","","","","NA"
"-73.74","45.47","MONTREAL INTL A","7025251","2024-05-03 15:00","2024","05","03","15:00","19.2","","9.1","","52","","","","12","","14","","48.3","","101.63","","","","","","NA"
"-73.74","45.47","MONTREAL INTL A","7025251","2024-05-03 16:00","2024","05","03","16:00","19.1","","9.2","","52","","","","12","","17","","48.3","","101.57","","","","","","Cloudy"
"-73.74","45.47","MONTREAL INTL A","7025251","2024-05-03 17:00","2024","05","03","17:00","18.9","","9.1","","52","","","","11","","15","","48.3","","101.54","","","","","","NA"
"-73.74","45.47","MONTREAL INTL A","7025251","2024-05-03 18:00","2024","05","03","18:00","19.0","","9.8","","54","","","","9","","19","","48.3","","101.52","","","","","","NA"
"-73.74","45.47","MONTREAL INTL A","7025251","2024-05-03 19:00","2024","05","03","19:00","17.6","","8.8","","56","","","","8","","13","","48.3","","101.52","","","","","","Mostly Cloudy"
"-73.74","45.47","MONTREAL INTL A","7025251","2024-05-03 20:00","2024","05","03","20:00","17.1","","8.8","","57","","","","6","","12","","24.1","","101.55","","","","","","NA"
"-73.74","45.47","MONTREAL INTL A","7025251","2024-05-03 21:00","2024","05","03","21:00","16.9","","8.6","","58","","","","6","","13","","24.1","","101.58","","","","","","NA"
"-73.74","45.47","MONTREAL INTL A","7025251","2024-05-03 22:00","2024","05","03","22:00","15.6","","9.0","","65","","","","4","","14","","24.1","","101.60","","","","","","Mostly Cloudy"
"-73.74","45.47","MONTREAL INTL A","7025251","2024-05-03 23:00","2024","05","03","23:00","14.7","","9.1","","69","","","","5","","20","","24.1","","101.61","","","","","","NA"
"-73.74","45.47","MONTREAL INTL A","7025251","2024-05-04 00:00","2024","05","04","00:00","13.3","","7.9","","70","","","","4","","19","","24.1","","101.63","","","","","","NA"
"-73.74","45.47","MONTREAL INTL A","7025251","2024-05-04 01:00","2024","05","04","01:00","11.9","","7.4","","74","","","","5","","26","","24.1","","101.65","","","","","","Cloudy"
"-73.74","45.47","MONTREAL INTL A","7025251","2024-05-04 02:00","2024","05","04","02:00","10.6","","7.7","","82","","","","5","","21","","24.1","","101.68","","","","","","NA"
"-73.74","45.47","MONTREAL INTL A","7025251","2024-05-04 03:00","2024","05","04","03:00","10.0","","8.1","","88","","","","4","","17","","24.1","","101.74","","","","","","Rain"
"-73.74","45.47","MONTREAL INTL A","7025251","2024-05-04 04:00","2024","05","04","04:00","9.6","","7.9","","89","","","","4","","22","","24.1","","101.79","","","","","","Rain"
"-73.74","45.47","MONTREAL INTL A","7025251","2024-05-04 05:00","2024","05","04","05:00","9.4","","8.1","","91","","","","3","","17","","16.1","","101.88","","","","","","Rain"
"-73.74","45.47","MONTREAL INTL A","7025251","2024-05-04 06:00","2024","05","04","06:00","9.1","","7.6","","91","","","","5","","19","","19.3","","101.92","","","","","","Rain"
"-73.74","45.47","MONTREAL INTL A","7025251","2024-05-04 07:00","2024","05","04","07:00","9.4","","8.0","","91","","","","5","","13","","19.3","","101.98","","","","","","Rain"
"-73.74","45.47","MONTREAL INTL A","7025251","2024-05-04 08:00","2024","05","04","08:00","9.9","","8.4","","91","","","","3","","19","","24.1","","102.01","","","","","","NA"
"-73.74","45.47","MONTREAL INTL A","7025251","2024-05-04 09:00","2024","05","04","09:00","10.1","","8.4","","90","","","","4","","18","","48.3","","102.03","","","","","","NA"
"-73.74","45.47","MONTREAL INTL A","7025251","2024-05-04 10:00","2024","05","04","10:00","10.5","","8.8","","89","","","","4","","16","","48.3","","102.04","","","","","","Cloudy"
"-73.74","45.47","MONTREAL INTL A","7025251","2024-05-04 11:00","2024","05","04","11:00","12.8","","10.1","","84","","","","5","","17","","48.3","","101.99","","","","","","NA"
"-73.74","45.47","MONTREAL INTL A","7025251","2024-05-04 12:00","2024","05","04","12:00","14.3","","10.8","","79","","","","4","","15","","48.3","","102.00","","","","","","NA"
"-73.74","45.47","MONTREAL INTL A","7025251","2024-05-04 13:00","2024","05","04","13:00","16.0","","11.3","","74","","","","6","","13","","48.3","","101.97","","","","","","Mostly Cloudy"
"-73.74","45.47","MONTREAL INTL A","7025251","2024-05-04 14:00","2024","05","04","14:00","19.0","","10.8","","58","","","","9","","12","","48.3","","101.94","","","","","","NA"
"-73.74","45.47","MONTREAL INTL A","7025251","2024-05-04 15:00","2024","05","04","15:00","17.3","","11.7","","69","","","","6","","19","","48.3","","101.88","","","","","","NA"
"-73.74","45.47","MONTREAL INTL A","7025251","2024-05-04 16:00","2024","05","04","16:00","17.1","","11.6","","70","","","","5","","16","","48.3","","101.86","","","","","","Mostly Cloudy"
"-73.74","45.47","MONTREAL INTL A","7025251","2024-05-04 17:00","2024","05","04","17:00","16.9","","11.1","","68","","","","5","","18","","48.3","","101.83","","","","","","NA"
"-73.74","45.47","MONTREAL INTL A","7025251","2024-05-04 18:00","2024","05","04","18:00","16.8","","10.8","","67","","","","6","","20","","48.3","","101.80","","","","","","NA"
"-73.74","45.47","MONTREAL INTL A","7025251","2024-05-04 19:00","2024","05","04","19:00","16.5","","10.7","","68","","","","7","","16","","48.3","","101.76","","","","","","Mostly Cloudy"
"-73.74","45.47","MONTREAL INTL A","7025251","2024-05-04 20:00","2024","05","04","20:00","16.3","","10.8","","70","","","","6","","15","","24.1","","101.76","","","","","","NA"
"-73.74","45.47","MONTREAL INTL A","7025251","2024-05-04 21:00","2024","05","04","21:00","15.8","","10.8","","72","","","","7","","11","","24.1","","101.77","","","","","","NA"
"-73.74","45.47","MONTREAL INTL A","7025251","2024-05-04 22:00","2024","05","04","22:00","16.6","","9.5","","62","","","","15","","15","","24.1","","101.76","","","","","","Mostly Cloudy"
"-73.74","45.47","MONTREAL INTL A","7025251","2024-05-04 23:00","2024","05","04","23:00","16.0","","8.2","","60","","","","15","","21","","24.1","","101.74","","","","","","NA"
"-73.74","45.47","MONTREAL INTL A","7025251","2024-05-05 00:00","2024","05","05","00:00","14.9","","7.9","","63","","","","15","","19","","24.1","","101.72","","","","","","NA"
"-73.74","45.47","MONTREAL INTL A","7025251","2024-05-05 01:00","2024","05","05","01:00","14.1","","7.8","","66","","","","14","","19","","24.1","","101.65","","","","","","Mainly Clear"
"-73.74","45.47","MONTREAL INTL A","7025251","2024-05-05 02:00","2024","05","05","02:00"
"-73.74","45.47","MONTREAL INTL A","7025251","2024-05-05 03:00","2024","05","05","03:00","13.0","","7.5","","69","","","","15","","22","","24.1","","101.60","","","","","","NA"
"-73.74","45.47","MONTREAL INTL A","7025251","2024-05-05 04:00","2024","05","05","04:00","12.7","","7.1","","68","","","","16","","25","","24.1","","101.59","","","","","","Mostly Cloudy"
"-73.74","45.47","MONTREAL INTL A","7025251","2024-05-05 05:00","2024","05","05","05:00"
"-73.74","45.47","MONTREAL INTL A","7025251","2024-05-05 06:00","2024","05","05","06:00"
"-73.74","45.47","MONTREAL INTL A","7025251","2024-05-05 07:00","2024","05","05","07:00"
"-73.74","45.47","MONTREAL INTL A","7025251","2024-05-05 08:00","2024","05","05","08:00"
"-73.74","45.47","MONTREAL INTL A","7025251","2024-05-05 09:00","2024","05","05","09:00"
"-73.74","45.47","MONTREAL INTL A","7025251","2024-05-05 10:00","2024","05","05","10:00"
"-73.74","45.47","MONTREAL INTL A","7025251","2024-05-05 11:00","2024","05","05","11:00"
"-73.74","45.47","MONTREAL INTL A","7025251","2024-05-05 12:00","2024","05","05","12:00"
"-73.74","45.47","MONTREAL INTL A","7025251","2024-05-05 13:00","2024","05","05","13:00"
"-73.74","45.47","MONTREAL INTL A","7025251","2024-05-05 14:00","2024","05","05","14:00"
"-73.74","45.47","MONTREAL INTL A","7025251","2024-05-05 15:00","2024","05","05","15:00"
"-73.74","45.47","MONTREAL INTL A","7025251","2024-05-05 16:00","2024","05","05","16:00"
"-73.74","45.47","MONTREAL INTL A","7025251","2024-05-05 17:00","2024","05","05","17:00"
"-73.74","45.47","MONTREAL INTL A","7025251","2024-05-05 18:00","2024","05","05","18:00"
"-73.74","45.47","MONTREAL INTL A","7025251","2024-05-05 19:00","2024","05","05","19:00"
"-73.74","45.47","MONTREAL INTL A","7025251","2024-05-05 20:00","2024","05","05","20:00"
"-73.74","45.47","MONTREAL INTL A","7025251","2024-05-05 21:00","2024","05","05","21:00"
"-73.74","45.47","MONTREAL INTL A","7025251","2024-05-05 22:00","2024","05","05","22:00"
"-73.74","45.47","MONTREAL INTL A","7025251","2024-05-05 23:00","2024","05","05","23:00"
"-73.74","45.47","MONTREAL INTL A","7025251","2024-05-06 00:00","2024","05","06","00:00"
"-73.74","45.47","MONTREAL INTL A","7025251","2024-05-06 01:00","2024","05","06","01:00"
"-73.74","45.47","MONTREAL INTL A","7025251","2024-05-06 02:00","2024","05","06","02:00"
"-73.74","45.47","MONTREAL INTL A","7025251","2024-05-06 03:00","2024","05","06","03:00"
"-73.74","45.47","MONTREAL INTL A","7025251","2024-05-06 04:00","2024","05","06","04:00"
"-73.74","45.47","MONTREAL INTL A","7025251","2024-05-06 05:00","2024","05","06","05:00"
"-73.74","45.47","MONTREAL INTL A","7025251","2024-05-06 06:00","2024","05","06","06:00"
"-73.74","45.47","MONTREAL INTL A","7025251","2024-05-06 07:00","2024","05","06","07:00"
"-73.74","45.47","MONTREAL INTL A","7025251","2024-05-06 08:00","2024","05","06","08:00"
"-73.74","45.47","MONTREAL INTL A","7025251","2024-05-06 09:00","2024","05","06","09:00"
"-73.74","45.47","MONTREAL INTL A","7025251","2024-05-06 10:00","2024","05","06","10:00"
"-73.74","45.47","MONTREAL INTL A","7025251","2024-05-06 11:00","2024","05","06","11:00"
"-73.74","45.47","MONTREAL INTL A","7025251","2024-05-06 12:00","2024","05","06","12:00"
"-73.74","45.47","MONTREAL INTL A","7025251","2024-05-06 13:00","2024","05","06","13:00"
"-73.74","45.47","MONTREAL INTL A","7025251","2024-05-06 14:00","2024","05","06","14:00"
"-73.74","45.47","MONTREAL INTL A","7025251","2024-05-06 15:00","2024","05","06","15:00"
"-73.74","45.47","MONTREAL INTL A","7025251","2024-05-06 16:00","2024","05","06","16:00"
"-73.74","45.47","MONTREAL INTL A","7025251","2024-05-06 17:00","2024","05","06","17:00"
"-73.74","45.47","MONTREAL INTL A","7025251","2024-05-06 18:00","2024","05","06","18:00"
"-73.74","45.47","MONTREAL INTL A","7025251","2024-05-06 19:00","2024","05","06","19:00"
"-73.74","45.47","MONTREAL INTL A","7025251","2024-05-06 20:00","2024","05","06","20:00"
"-73.74","45.47","MONTREAL INTL A","7025251","2024-05-06 21:00","2024","05","06","21:00"
"-73.74","45.47","MONTREAL INTL A","7025251","2024-05-06 22:00","2024","05","06","22:00"
"-73.74","45.47","MONTREAL INTL A","7025251","2024-05-06 23:00","2024","05","06","23:00"
"-73.74","45.47","MONTREAL INTL A","7025251","2024-05-07 00:00","2024","05","07","00:00"
"-73.74","45.47","MONTREAL INTL A","7025251","2024-05-07 01:00","2024","05","07","01:00"
"-73.74","45.47","MONTREAL INTL A","7025251","2024-05-07 02:00","2024","05","07","02:00"
"-73.74","45.47","MONTREAL INTL A","7025251","2024-05-07 03:00","2024","05","07","03:00"
"-73.74","45.47","MONTREAL INTL A","7025251","2024-05-07 04:00","2024","05","07","04:00"
"-73.74","45.47","MONTREAL INTL A","7025251","2024-05-07 05:00","2024","05","07","05:00"
"-73.74","45.47","MONTREAL INTL A","7025251","2024-05-07 06:00","2024","05","07","06:00"
"-73.74","45.47","MONTREAL INTL A","7025251","2024-05-07 07:00","2024","05","07","07:00"
"-73.74","45.47","MONTREAL INTL A","7025251","2024-05-07 08:00","2024","05","07","08:00"
"-73.74","45.47","MONTREAL INTL A","7025251","2024-05-07 09:00","2024","05","07","09:00"
"-73.74","45.47","MONTREAL INTL A","7025251","2024-05-07 10:00","2024","05","07","10:00"
"-73.74","45.47","MONTREAL INTL A","7025251","2024-05-07 11:00","2024","05","07","11:00"
"-73.74","45.47","MONTREAL INTL A","7025251","2024-05-07 12:00","2024","05","07","12:00"
"-73.74","45.47","MONTREAL INTL A","7025251","2024-05-07 13:00","2024","05","07","13:00"
"-73.74","45.47","MONTREAL INTL A","7025251","2024-05-07 14:00","2024","05","07","14:00"
"-73.74","45.47","MONTREAL INTL A","7025251","2024-05-07 15:00","2024","05","07","15:00"
"-73.74","45.47","MONTREAL INTL A","7025251","2024-05-07 16:00","2024","05","07","16:00"
"-73.74","45.47","MONTREAL INTL A","7025251","2024-05-07 17:00","2024","05","07","17:00"
"-73.74","45.47","MONTREAL INTL A","7025251","2024-05-07 18:00","2024","05","07","18:00"
"-73.74","45.47","MONTREAL INTL A","7025251","2024-05-07 19:00","2024","05","07","19:00"
"-73.74","45.47","MONTREAL INTL A","7025251","2024-05-07 20:00","2024","05","07","20:00"
"-73.74","45.47","MONTREAL INTL A","7025251","2024-05-07 21:00","2024","05","07","21:00"
"-73.74","45.47","MONTREAL INTL A","7025251","2024-05-07 22:00","2024","05","07","22:00"
"-73.74","45.47","MONTREAL INTL A","7025251","2024-05-07 23:00","2024","05","07","23:00"
"-73.74","45.47","MONTREAL INTL A","7025251","2024-05-08 00:00","2024","05","08","00:00"
"-73.74","45.47","MONTREAL INTL A","7025251","2024-05-08 01:00","2024","05","08","01:00"
"-73.74","45.47","MONTREAL INTL A","7025251","2024-05-08 02:00","2024","05","08","02:00"
"-73.74","45.47","MONTREAL INTL A","7025251","2024-05-08 03:00","2024","05","08","03:00"
"-73.74","45.47","MONTREAL INTL A","7025251","2024-05-08 04:00","2024","05","08","04:00"
"-73.74","45.47","MONTREAL INTL A","7025251","2024-05-08 05:00","2024","05","08","05:00"
"-73.74","45.47","MONTREAL INTL A","7025251","2024-05-08 06:00","2024","05","08","06:00"
"-73.74","45.47","MONTREAL INTL A","7025251","2024-05-08 07:00","2024","05","08","07:00"
"-73.74","45.47","MONTREAL INTL A","7025251","2024-05-08 08:00","2024","05","08","08:00"
"-73.74","45.47","MONTREAL INTL A","7025251","2024-05-08 09:00","2024","05","08","09:00"
"-73.74","45.47","MONTREAL INTL A","7025251","2024-05-08 10:00","2024","05","08","10:00"
"-73.74","45.47","MONTREAL INTL A","7025251","2024-05-08 11:00","2024","05","08","11:00"
"-73.74","45.47","MONTREAL INTL A","7025251","2024-05-08 12:00","2024","05","08","12:00"
"-73.74","45.47","MONTREAL INTL A","7025251","2024-05-08 13:00","2024","05","08","13:00"
"-73.74","45.47","MONTREAL INTL A","7025251","2024-05-08 14:00","2024","05","08","14:00"
"-73.74","45.47","MONTREAL INTL A","7025251","2024-05-08 15:00","2024","05","08","15:00"
"-73.74","45.47","MONTREAL INTL A","7025251","2024-05-08 16:00","2024","05","08","16:00"
"-73.74","45.47","MONTREAL INTL A","7025251","2024-05-08 17:00","2024","05","08","17:00"
"-73.74","45.47","MONTREAL INTL A","7025251","2024-05-08 18:00","2024","05","08","18:00"
"-73.74","45.47","MONTREAL INTL A","7025251","2024-05-08 19:00","2024","05","08","19:00"
"-73.74","45.47","MONTREAL INTL A","7025251","2024-05-08 20:00","2024","05","08","20:00"
"-73.74","45.47","MONTREAL INTL A","7025251","2024-05-08 21:00","2024","05","08","21:00"
"-73.74","45.47","MONTREAL INTL A","7025251","2024-05-08 22:00","2024","05","08","22:00"
"-73.74","45.47","MONTREAL INTL A","7025251","2024-05-08 23:00","2024","05","08","23:00"
"-73.74","45.47","MONTREAL INTL A","7025251","2024-05-09 00:00","2024","05","09","00:00"
"-73.74","45.47","MONTREAL INTL A","7025251","2024-05-09 01:00","2024","05","09","01:00"
"-73.74","45.47","MONTREAL INTL A","7025251","2024-05-09 02:00","2024","05","09","02:00"
"-73.74","45.47","MONTREAL INTL A","7025251","2024-05-09 03:00","2024","05","09","03:00"
"-73.74","45.47","MONTREAL INTL A","7025251","2024-05-09 04:00","2024","05","09","04:00"
"-73.74","45.47","MONTREAL INTL A","7025251","2024-05-09 05:00","2024","05","09","05:00"
"-73.74","45.47","MONTREAL INTL A","7025251","2024-05-09 06:00","2024","05","09","06:00"
"-73.74","45.47","MONTREAL INTL A","7025251","2024-05-09 07:00","2024","05","09","07:00"
"-73.74","45.47","MONTREAL INTL A","7025251","2024-05-09 08:00","2024","05","09","08:00"
"-73.74","45.47","MONTREAL INTL A","7025251","2024-05-09 09:00","2024","05","09","09:00"
"-73.74","45.47","MONTREAL INTL A","7025251","2024-05-09 10:00","2024","05","09","10:00"
"-73.74","45.47","MONTREAL INTL A","7025251","2024-05-09 11:00","2024","05","09","11:00"
"-73.74","45.47","MONTREAL INTL A","7025251","2024-05-09 12:00","2024","05","09","12:00"
"-73.74","45.47","MONTREAL INTL A","7025251","2024-05-09 13:00","2024","05","09","13:00"
"-73.74","45.47","MONTREAL INTL A","7025251","2024-05-09 14:00","2024","05","09","14:00"
"-73.74","45.47","MONTREAL INTL A","7025251","2024-05-09 15:00","2024","05","09","15:00"
"-73.74","45.47","MONTREAL INTL A","7025251","2024-05-09 16:00","2024","05","09","16:00"
"-73.74","45.47","MONTREAL INTL A","7025251","2024-05-09 17:00","2024","05","09","17:00"
"-73.74","45.47","MONTREAL INTL A","7025251","2024-05-09 18:00","2024","05","09","18:00"
"-73.74","45.47","MONTREAL INTL A","7025251","2024-05-09 19:00","2024","05","09","19:00"
"-73.74","45.47","MONTREAL INTL A","7025251","2024-05-09 20:00","2024","05","09","20:00"
"-73.74","45.47","MONTREAL INTL A","7025251","2024-05-09 21:00","2024","05","09","21:00"
"-73.74","45.47","MONTREAL INTL A","7025251","2024-05-09 22:00","2024","05","09","22:00"
"-73.74","45.47","MONTREAL INTL A","7025251","2024-05-09 23:00","2024","05","09","23:00"
"-73.74","45.47","MONTREAL INTL A","7025251","2024-05-10 00:00","2024","05","10","00:00"
"-73.74","45.47","MONTREAL INTL A","7025251","2024-05-10 01:00","2024","05","10","01:00"
"-73.74","45.47","MONTREAL INTL A","7025251","2024-05-10 02:00","2024","05","10","02:00"
"-73.74","45.47","MONTREAL INTL A","7025251","2024-05-10 03:00","2024","05","10","03:00"
"-73.74","45.47","MONTREAL INTL A","7025251","2024-05-10 04:00","2024","05","10","04:00"
"-73.74","45.47","MONTREAL INTL A","7025251","2024-05-10 05:00","2024","05","10","05:00"
"-73.74","45.47","MONTREAL INTL A","7025251","2024-05-10 06:00","2024","05","10","06:00"
"-73.74","45.47","MONTREAL INTL A","7025251","2024-05-10 07:00","2024","05","10","07:00"
"-73.74","45.47","MONTREAL INTL A","7025251","2024-05-10 08:00","2024","05","10","08:00"
"-73.74","45.47","MONTREAL INTL A","7025251","2024-05-10 09:00","2024","05","10","09:00"
"-73.74","45.47","MONTREAL INTL A","7025251","2024-05-10 10:00","2024","05","10","10:00"
"-73.74","45.47","MONTREAL INTL A","7025251","2024-05-10 11:00","2024","05","10","11:00"
"-73.74","45.47","MONTREAL INTL A","7025251","2024-05-10 12:00","2024","05","10","12:00"
"-73.74","45.47","MONTREAL INTL A","7025251","2024-05-10 13:00","2024","05","10","13:00"
"-73.74","45.47","MONTREAL INTL A","7025251","2024-05-10 14:00","2024","05","10","14:00"
"-73.74","45.47","MONTREAL INTL A","7025251","2024-05-10 15:00","2024","05","10","15:00"
"-73.74","45.47","MONTREAL INTL A","7025251","2024-05-10 16:00","2024","05","10","16:00"
"-73.74","45.47","MONTREAL INTL A","7025251","2024-05-10 17:00","2024","05","10","17:00"
"-73.74","45.47","MONTREAL INTL A","7025251","2024-05-10 18:00","2024","05","10","18:00"
"-73.74","45.47","MONTREAL INTL A","7025251","2024-05-10 19:00","2024","05","10","19:00"
"-73.74","45.47","MONTREAL INTL A","7025251","2024-05-10 20:00","2024","05","10","20:00"
"-73.74","45.47","MONTREAL INTL A","7025251","2024-05-10 21:00","2024","05","10","21:00"
"-73.74","45.47","MONTREAL INTL A","7025251","2024-05-10 22:00","2024","05","10","22:00"
"-73.74","45.47","MONTREAL INTL A","7025251","2024-05-10 23:00","2024","05","10","23:00"
"-73.74","45.47","MONTREAL INTL A","7025251","2024-05-11 00:00","2024","05","11","00:00"
"-73.74","45.47","MONTREAL INTL A","7025251","2024-05-11 01:00","2024","05","11","01:00"
"-73.74","45.47","MONTREAL INTL A","7025251","2024-05-11 02:00","2024","05","11","02:00"
"-73.74","45.47","MONTREAL INTL A","7025251","2024-05-11 03:00","2024","05","11","03:00"
"-73.74","45.47","MONTREAL INTL A","7025251","2024-05-11 04:00","2024","05","11","04:00"
"-73.74","45.47","MONTREAL INTL A","7025251","2024-05-11 05:00","2024","05","11","05:00"
"-73.74","45.47","MONTREAL INTL A","7025251","2024-05-11 06:00","2024","05","11","06:00"
"-73.74","45.47","MONTREAL INTL A","7025251","2024-05-11 07:00","2024","05","11","07:00"
"-73.74","45.47","MONTREAL INTL A","7025251","2024-05-11 08:00","2024","05","11","08:00"
"-73.74","45.47","MONTREAL INTL A","7025251","2024-05-11 09:00","2024","05","11","09:00"
"-73.74","45.47","MONTREAL INTL A","7025251","2024-05-11 10:00","2024","05","11","10:00"
"-73.74","45.47","MONTREAL INTL A","7025251","2024-05-11 11:00","2024","05","11","11:00"
"-73.74","45.47","MONTREAL INTL A","7025251","2024-05-11 12:00","2024","05","11","12:00"
"-73.74","45.47","MONTREAL INTL A","7025251","2024-05-11 13:00","2024","05","11","13:00"
"-73.74","45.47","MONTREAL INTL A","7025251","2024-05-11 14:00","2024","05","11","14:00"
"-73.74","45.47","MONTREAL INTL A","7025251","2024-05-11 15:00","2024","05","11","15:00"
"-73.74","45.47","MONTREAL INTL A","7025251","2024-05-11 16:00","2024","05","11","16:00"
"-73.74","45.47","MONTREAL INTL A","7025251","2024-05-11 17:00","2024","05","11","17:00"
"-73.74","45.47","MONTREAL INTL A","7025251","2024-05-11 18:00","2024","05","11","18:00"
"-73.74","45.47","MONTREAL INTL A","7025251","2024-05-11 19:00","2024","05","11","19:00"
"-73.74","45.47","MONTREAL INTL A","7025251","2024-05-11 20:00","2024","05","11","20:00"
"-73.74","45.47","MONTREAL INTL A","7025251","2024-05-11 21:00","2024","05","11","21:00"
"-73.74","45.47","MONTREAL INTL A","7025251","2024-05-11 22:00","2024","05","11","22:00"
"-73.74","45.47","MONTREAL INTL A","7025251","2024-05-11 23:00","2024","05","11","23:00"
"-73.74","45.47","MONTREAL INTL A","7025251","2024-05-12 00:00","2024","05","12","00:00"
"-73.74","45.47","MONTREAL INTL A","7025251","2024-05-12 01:00","2024","05","12","01:00"
"-73.74","45.47","MONTREAL INTL A","7025251","2024-05-12 02:00","2024","05","12","02:00"
"-73.74","45.47","MONTREAL INTL A","7025251","2024-05-12 03:00","2024","05","12","03:00"
"-73.74","45.47","MONTREAL INTL A","7025251","2024-05-12 04:00","2024","05","12","04:00"
"-73.74","45.47","MONTREAL INTL A","7025251","2024-05-12 05:00","2024","05","12","05:00"
"-73.74","45.47","MONTREAL INTL A","7025251","2024-05-12 06:00","2024","05","12","06:00"
"-73.74","45.47","MONTREAL INTL A","7025251","2024-05-12 07:00","2024","05","12","07:00"
"-73.74","45.47","MONTREAL INTL A","7025251","2024-05-12 08:00","2024","05","12","08:00"
"-73.74","45.47","MONTREAL INTL A","7025251","2024-05-12 09:00","2024","05","12","09:00"
"-73.74","45.47","MONTREAL INTL A","7025251","2024-05-12 10:00","2024","05","12","10:00"
"-73.74","45.47","MONTREAL INTL A","7025251","2024-05-12 11:00","2024","05","12","11:00"
"-73.74","45.47","MONTREAL INTL A","7025251","2024-05-12 12:00","2024","05","12","12:00"
"-73.74","45.47","MONTREAL INTL A","7025251","2024-05-12 13:00","2024","05","12","13:00"
"-73.74","45.47","MONTREAL INTL A","7025251","2024-05-12 14:00","2024","05","12","14:00"
"-73.74","45.47","MONTREAL INTL A","7025251","2024-05-12 15:00","2024","05","12","15:00"
"-73.74","45.47","MONTREAL INTL A","7025251","2024-05-12 16:00","2024","05","12","16:00"
"-73.74","45.47","MONTREAL INTL A","7025251","2024-05-12 17:00","2024","05","12","17:00"
"-73.74","45.47","MONTREAL INTL A","7025251","2024-05-12 18:00","2024","05","12","18:00"
"-73.74","45.47","MONTREAL INTL A","7025251","2024-05-12 19:00","2024","05","12","19:00"
"-73.74","45.47","MONTREAL INTL A","7025251","2024-05-12 20:00","2024","05","12","20:00"
"-73.74","45.47","MONTREAL INTL A","7025251","2024-05-12 21:00","2024","05","12","21:00"
"-73.74","45.47","MONTREAL INTL A","7025251","2024-05-12 22:00","2024","05","12","22:00"
"-73.74","45.47","MONTREAL INTL A","7025251","2024-05-12 23:00","2024","05","12","23:00"
"-73.74","45.47","MONTREAL INTL A","7025251","2024-05-13 00:00","2024","05","13","00:00"
"-73.74","45.47","MONTREAL INTL A","7025251","2024-05-13 01:00","2024","05","13","01:00"
"-73.74","45.47","MONTREAL INTL A","7025251","2024-05-13 02:00","2024","05","13","02:00"
"-73.74","45.47","MONTREAL INTL A","7025251","2024-05-13 03:00","2024","05","13","03:00"
"-73.74","45.47","MONTREAL INTL A","7025251","2024-05-13 04:00","2024","05","13","04:00"
"-73.74","45.47","MONTREAL INTL A","7025251","2024-05-13 05:00","2024","05","13","05:00"
"-73.74","45.47","MONTREAL INTL A","7025251","2024-05-13 06:00","2024","05","13","06:00"
"-73.74","45.47","MONTREAL INTL A","7025251","2024-05-13 07:00","2024","05","13","07:00"
"-73.74","45.47","MONTREAL INTL A","7025251","2024-05-13 08:00","2024","05","13","08:00"
"-73.74","45.47","MONTREAL INTL A","7025251","2024-05-13 09:00","2024","05","13","09:00"
"-73.74","45.47","MONTREAL INTL A","7025251","2024-05-13 10:00","2024","05","13","10:00"
"-73.74","45.47","MONTREAL INTL A","7025251","2024-05-13 11:00","2024","05","13","11:00"
"-73.74","45.47","MONTREAL INTL A","7025251","2024-05-13 12:00","2024","05","13","12:00"
"-73.74","45.47","MONTREAL INTL A","7025251","2024-05-13 13:00","2024","05","13","13:00"
"-73.74","45.47","MONTREAL INTL A","7025251","2024-05-13 14:00","2024","05","13","14:00"
"-73.74","45.47","MONTREAL INTL A","7025251","2024-05-13 15:00","2024","05","13","15:00"
"-73.74","45.47","MONTREAL INTL A","7025251","2024-05-13 16:00","2024","05","13","16:00"
"-73.74","45.47","MONTREAL INTL A","7025251","2024-05-13 17:00","2024","05","13","17:00"
"-73.74","45.47","MONTREAL INTL A","7025251","2024-05-13 18:00","2024","05","13","18:00"
"-73.74","45.47","MONTREAL INTL A","7025251","2024-05-13 19:00","2024","05","13","19:00"
"-73.74","45.47","MONTREAL INTL A","7025251","2024-05-13 20:00","2024","05","13","20:00"
"-73.74","45.47","MONTREAL INTL A","7025251","2024-05-13 21:00","2024","05","13","21:00"
"-73.74","45.47","MONTREAL INTL A","7025251","2024-05-13 22:00","2024","05","13","22:00"
"-73.74","45.47","MONTREAL INTL A","7025251","2024-05-13 23:00","2024","05","13","23:00"
"-73.74","45.47","MONTREAL INTL A","7025251","2024-05-14 00:00","2024","05","14","00:00"
"-73.74","45.47","MONTREAL INTL A","7025251","2024-05-14 01:00","2024","05","14","01:00"
"-73.74","45.47","MONTREAL INTL A","7025251","2024-05-14 02:00","2024","05","14","02:00"
"-73.74","45.47","MONTREAL INTL A","7025251","2024-05-14 03:00","2024","05","14","03:00"
"-73.74","45.47","MONTREAL INTL A","7025251","2024-05-14 04:00","2024","05","14","04:00"
"-73.74","45.47","MONTREAL INTL A","7025251","2024-05-14 05:00","2024","05","14","05:00"
"-73.74","45.47","MONTREAL INTL A","7025251","2024-05-14 06:00","2024","05","14","06:00"
"-73.74","45.47","MONTREAL INTL A","7025251","2024-05-14 07:00","2024","05","14","07:00"
"-73.74","45.47","MONTREAL INTL A","7025251","2024-05-14 08:00","2024","05","14","08:00"
"-73.74","45.47","MONTREAL INTL A","7025251","2024-05-14 09:00","2024","05","14","09:00"
"-73.74","45.47","MONTREAL INTL A","7025251","2024-05-14 10:00","2024","05","14","10:00"
"-73.74","45.47","MONTREAL INTL A","7025251","2024-05-14 11:00","2024","05","14","11:00"
"-73.74","45.47","MONTREAL INTL A","7025251","2024-05-14 12:00","2024","05","14","12:00"
"-73.74","45.47","MONTREAL INTL A","7025251","2024-05-14 13:00","2024","05","14","13:00"
"-73.74","45.47","MONTREAL INTL A","7025251","2024-05-14 14:00","2024","05","14","14:00"
"-73.74","45.47","MONTREAL INTL A","7025251","2024-05-14 15:00","2024","05","14","15:00"
"-73.74","45.47","MONTREAL INTL A","7025251","2024-05-14 16:00","2024","05","14","16:00"
"-73.74","45.47","MONTREAL INTL A","7025251","2024-05-14 17:00","2024","05","14","17:00"
"-73.74","45.47","MONTREAL INTL A","7025251","2024-05-14 18:00","2024","05","14","18:00"
"-73.74","45.47","MONTREAL INTL A","7025251","2024-05-14 19:00","2024","05","14","19:00"
"-73.74","45.47","MONTREAL INTL A","7025251","2024-05-14 20:00","2024","05","14","20:00"
"-73.74","45.47","MONTREAL INTL A","7025251","2024-05-14 21:00","2024","05","14","21:00"
"-73.74","45.47","MONTREAL INTL A","7025251","2024-05-14 22:00","2024","05","14","22:00"
"-73.74","45.47","MONTREAL INTL A","7025251","2024-05-14 23:00","2024","05","14","23:00"
"-73.74","45.47","MONTREAL INTL A","7025251","2024-05-15 00:00","2024","05","15","00:00"
"-73.74","45.47","MONTREAL INTL A","7025251","2024-05-15 01:00","2024","05","15","01:00"
"-73.74","45.47","MONTREAL INTL A","7025251","2024-05-15 02:00","2024","05","15","02:00"
"-73.74","45.47","MONTREAL INTL A","7025251","2024-05-15 03:00","2024","05","15","03:00"
"-73.74","45.47","MONTREAL INTL A","7025251","2024-05-15 04:00","2024","05","15","04:00"
"-73.74","45.47","MONTREAL INTL A","7025251","2024-05-15 05:00","2024","05","15","05:00"
"-73.74","45.47","MONTREAL INTL A","7025251","2024-05-15 06:00","2024","05","15","06:00"
"-73.74","45.47","MONTREAL INTL A","7025251","2024-05-15 07:00","2024","05","15","07:00"
"-73.74","45.47","MONTREAL INTL A","7025251","2024-05-15 08:00","2024","05","15","08:00"
"-73.74","45.47","MONTREAL INTL A","7025251","2024-05-15 09:00","2024","05","15","09:00"
"-73.74","45.47","MONTREAL INTL A","7025251","2024-05-15 10:00","2024","05","15","10:00"
"-73.74","45.47","MONTREAL INTL A","7025251","2024-05-15 11:00","2024","05","15","11:00"
"-73.74","45.47","MONTREAL INTL A","7025251","2024-05-15 12:00","2024","05","15","12:00"
"-73.74","45.47","MONTREAL INTL A","7025251","2024-05-15 13:00","2024","05","15","13:00"
"-73.74","45.47","MONTREAL INTL A","7025251","2024-05-15 14:00","2024","05","15","14:00"
"-73.74","45.47","MONTREAL INTL A","7025251","2024-05-15 15:00","2024","05","15","15:00"
"-73.74","45.47","MONTREAL INTL A","7025251","2024-05-15 16:00","2024","05","15","16:00"
"-73.74","45.47","MONTREAL INTL A","7025251","2024-05-15 17:00","2024","05","15","17:00"
"-73.74","45.47","MONTREAL INTL A","7025251","2024-05-15 18:00","2024","05","15","18:00"
"-73.74","45.47","MONTREAL INTL A","7025251","2024-05-15 19:00","2024","05","15","19:00"
"-73.74","45.47","MONTREAL INTL A","7025251","2024-05-15 20:00","2024","05","15","20:00"
"-73.74","45.47","MONTREAL INTL A","7025251","2024-05-15 21:00","2024","05","15","21:00"
"-73.74","45.47","MONTREAL INTL A","7025251","2024-05-15 22:00","2024","05","15","22:00"
"-73.74","45.47","MONTREAL INTL A","7025251","2024-05-15 23:00","2024","05","15","23:00"
"-73.74","45.47","MONTREAL INTL A","7025251","2024-05-16 00:00","2024","05","16","00:00"
"-73.74","45.47","MONTREAL INTL A","7025251","2024-05-16 01:00","2024","05","16","01:00"
"-73.74","45.47","MONTREAL INTL A","7025251","2024-05-16 02:00","2024","05","16","02:00"
"-73.74","45.47","MONTREAL INTL A","7025251","2024-05-16 03:00","2024","05","16","03:00"
"-73.74","45.47","MONTREAL INTL A","7025251","2024-05-16 04:00","2024","05","16","04:00"
"-73.74","45.47","MONTREAL INTL A","7025251","2024-05-16 05:00","2024","05","16","05:00"
"-73.74","45.47","MONTREAL INTL A","7025251","2024-05-16 06:00","2024","05","16","06:00"
"-73.74","45.47","MONTREAL INTL A","7025251","2024-05-16 07:00","2024","05","16","07:00"
"-73.74","45.47","MONTREAL INTL A","7025251","2024-05-16 08:00","2024","05","16","08:00"
"-73.74","45.47","MONTREAL INTL A","7025251","2024-05-16 09:00","2024","05","16","09:00"
"-73.74","45.47","MONTREAL INTL A","7025251","2024-05-16 10:00","2024","05","16","10:00"
"-73.74","45.47","MONTREAL INTL A","7025251","2024-05-16 11:00","2024","05","16","11:00"
"-73.74","45.47","MONTREAL INTL A","7025251","2024-05-16 12:00","2024","05","16","12:00"
"-73.74","45.47","MONTREAL INTL A","7025251","2024-05-16 13:00","2024","05","16","13:00"
"-73.74","45.47","MONTREAL INTL A","7025251","2024-05-16 14:00","2024","05","16","14:00"
"-73.74","45.47","MONTREAL INTL A","7025251","2024-05-16 15:00","2024","05","16","15:00"
"-73.74","45.47","MONTREAL INTL A","7025251","2024-05-16 16:00","2024","05","16","16:00"
"-73.74","45.47","MONTREAL INTL A","7025251","2024-05-16 17:00","2024","05","16","17:00"
"-73.74","45.47","MONTREAL INTL A","7025251","2024-05-16 18:00","2024","05","16","18:00"
"-73.74","45.47","MONTREAL INTL A","7025251","2024-05-16 19:00","2024","05","16","19:00"
"-73.74","45.47","MONTREAL INTL A","7025251","2024-05-16 20:00","2024","05","16","20:00"
"-73.74","45.47","MONTREAL INTL A","7025251","2024-05-16 21:00","2024","05","16","21:00"
"-73.74","45.47","MONTREAL INTL A","7025251","2024-05-16 22:00","2024","05","16","22:00"
"-73.74","45.47","MONTREAL INTL A","7025251","2024-05-16 23:00","2024","05","16","23:00"
"-73.74","45.47","MONTREAL INTL A","7025251","2024-05-17 00:00","2024","05","17","00:00"
"-73.74","45.47","MONTREAL INTL A","7025251","2024-05-17 01:00","2024","05","17","01:00"
"-73.74","45.47","MONTREAL INTL A","7025251","2024-05-17 02:00","2024","05","17","02:00"
"-73.74","45.47","MONTREAL INTL A","7025251","2024-05-17 03:00","2024","05","17","03:00"
"-73.74","45.47","MONTREAL INTL A","7025251","2024-05-17 04:00","2024","05","17","04:00"
"-73.74","45.47","MONTREAL INTL A","7025251","2024-05-17 05:00","2024","05","17","05:00"
"-73.74","45.47","MONTREAL INTL A","7025251","2024-05-17 06:00","2024","05","17","06:00"
"-73.74","45.47","MONTREAL INTL A","7025251","2024-05-17 07:00","2024","05","17","07:00"
"-73.74","45.47","MONTREAL INTL A","7025251","2024-05-17 08:00","2024","05","17","08:00"
"-73.74","45.47","MONTREAL INTL A","7025251","2024-05-17 09:00","2024","05","17","09:00"
"-73.74","45.47","MONTREAL INTL A","7025251","2024-05-17 10:00","2024","05","17","10:00"
"-73.74","45.47","MONTREAL INTL A","7025251","2024-05-17 11:00","2024","05","17","11:00"
"-73.74","45.47","MONTREAL INTL A","7025251","2024-05-17 12:00","2024","05","17","12:00"
"-73.74","45.47","MONTREAL INTL A","7025251","2024-05-17 13:00","2024","05","17","13:00"
"-73.74","45.47","MONTREAL INTL A","7025251","2024-05-17 14:00","2024","05","17","14:00"
"-73.74","45.47","MONTREAL INTL A","7025251","2024-05-17 15:00","2024","05","17","15:00"
"-73.74","45.47","MONTREAL INTL A","7025251","2024-05-17 16:00","2024","05","17","16:00"
"-73.74","45.47","MONTREAL INTL A","7025251","2024-05-17 17:00","2024","05","17","17:00"
"-73.74","45.47","MONTREAL INTL A","7025251","2024-05-17 18:00","2024","05","17","18:00"
"-73.74","45.47","MONTREAL INTL A","7025251","2024-05-17 19:00","2024","05","17","19:00"
"-73.74","45.47","MONTREAL INTL A","7025251","2024-05-17 20:00","2024","05","17","20:00"
"-73.74","45.47","MONTREAL INTL A","7025251","2024-05-17 21:00","2024","05","17","21:00"
"-73.74","45.47","MONTREAL INTL A","7025251","2024-05-17 22:00","2024","05","17","22:00"
"-73.74","45.47","MONTREAL INTL A","7025251","2024-05-17 23:00","2024","05","17","23:00"
"-73.74","45.47","MONTREAL INTL A","7025251","2024-05-18 00:00","2024","05","18","00:00"
"-73.74","45.47","MONTREAL INTL A","7025251","2024-05-18 01:00","2024","05","18","01:00"
"-73.74","45.47","MONTREAL INTL A","7025251","2024-05-18 02:00","2024","05","18","02:00"
"-73.74","45.47","MONTREAL INTL A","7025251","2024-05-18 03:00","2024","05","18","03:00"
"-73.74","45.47","MONTREAL INTL A","7025251","2024-05-18 04:00","2024","05","18","04:00"
"-73.74","45.47","MONTREAL INTL A","7025251","2024-05-18 05:00","2024","05","18","05:00"
"-73.74","45.47","MONTREAL INTL A","7025251","2024-05-18 06:00","2024","05","18","06:00"
"-73.74","45.47","MONTREAL INTL A","7025251","2024-05-18 07:00","2024","05","18","07:00"
"-73.74","45.47","MONTREAL INTL A","7025251","2024-05-18 08:00","2024","05","18","08:00"
"-73.74","45.47","MONTREAL INTL A","7025251","2024-05-18 09:00","2024","05","18","09:00"
"-73.74","45.47","MONTREAL INTL A","7025251","2024-05-18 10:00","2024","05","18","10:00"
"-73.74","45.47","MONTREAL INTL A","7025251","2024-05-18 11:00","2024","05","18","11:00"
"-73.74","45.47","MONTREAL INTL A","7025251","2024-05-18 12:00","2024","05","18","12:00"
"-73.74","45.47","MONTREAL INTL A","7025251","2024-05-18 13:00","2024","05","18","13:00"
"-73.74","45.47","MONTREAL INTL A","7025251","2024-05-18 14:00","2024","05","18","14:00"
"-73.74","45.47","MONTREAL INTL A","7025251","2024-05-18 15:00","2024","05","18","15:00"
"-73.74","45.47","MONTREAL INTL A","7025251","2024-05-18 16:00","2024","05","18","16:00"
"-73.74","45.47","MONTREAL INTL A","7025251","2024-05-18 17:00","2024","05","18","17:00"
"-73.74","45.47","MONTREAL INTL A","7025251","2024-05-18 18:00","2024","05","18","18:00"
"-73.74","45.47","MONTREAL INTL A","7025251","2024-05-18 19:00","2024","05","18","19:00"
"-73.74","45.47","MONTREAL INTL A","7025251","2024-05-18 20:00","2024","05","18","20:00"
"-73.74","45.47","MONTREAL INTL A","7025251","2024-05-18 21:00","2024","05","18","21:00"
"-73.74","45.47","MONTREAL INTL A","7025251","2024-05-18 22:00","2024","05","18","22:00"
"-73.74","45.47","MONTREAL INTL A","7025251","2024-05-18 23:00","2024","05","18","23:00"
"-73.74","45.47","MONTREAL INTL A","7025251","2024-05-19 00:00","2024","05","19","00:00"
"-73.74","45.47","MONTREAL INTL A","7025251","2024-05-19 01:00","2024","05","19","01:00"
"-73.74","45.47","MONTREAL INTL A","7025251","2024-05-19 02:00","2024","05","19","02:00"
"-73.74","45.47","MONTREAL INTL A","7025251","2024-05-19 03:00","2024","05","19","03:00"
"-73.74","45.47","MONTREAL INTL A","7025251","2024-05-19 04:00","2024","05","19","04:00"
"-73.74","45.47","MONTREAL INTL A","7025251","2024-05-19 05:00","2024","05","19","05:00"
"-73.74","45.47","MONTREAL INTL A","7025251","2024-05-19 06:00","2024","05","19","06:00"
"-73.74","45.47","MONTREAL INTL A","7025251","2024-05-19 07:00","2024","05","19","07:00"
"-73.74","45.47","MONTREAL INTL A","7025251","2024-05-19 08:00","2024","05","19","08:00"
"-73.74","45.47","MONTREAL INTL A","7025251","2024-05-19 09:00","2024","05","19","09:00"
"-73.74","45.47","MONTREAL INTL A","7025251","2024-05-19 10:00","2024","05","19","10:00"
"-73.74","45.47","MONTREAL INTL A","7025251","2024-05-19 11:00","2024","05","19","11:00"
"-73.74","45.47","MONTREAL INTL A","7025251","2024-05-19 12:00","2024","05","19","12:00"
"-73.74","45.47","MONTREAL INTL A","7025251","2024-05-19 13:00","2024","05","19","13:00"
"-73.74","45.47","MONTREAL INTL A","7025251","2024-05-19 14:00","2024","05","19","14:00"
"-73.74","45.47","MONTREAL INTL A","7025251","2024-05-19 15:00","2024","05","19","15:00"
"-73.74","45.47","MONTREAL INTL A","7025251","2024-05-19 16:00","2024","05","19","16:00"
"-73.74","45.47","MONTREAL INTL A","7025251","2024-05-19 17:00","2024","05","19","17:00"
"-73.74","45.47","MONTREAL INTL A","7025251","2024-05-19 18:00","2024","05","19","18:00"
"-73.74","45.47","MONTREAL INTL A","7025251","2024-05-19 19:00","2024","05","19","19:00"
"-73.74","45.47","MONTREAL INTL A","7025251","2024-05-19 20:00","2024","05","19","20:00"
"-73.74","45.47","MONTREAL INTL A","7025251","2024-05-19 21:00","2024","05","19","21:00"
"-73.74","45.47","MONTREAL INTL A","7025251","2024-05-19 22:00","2024","05","19","22:00"
"-73.74","45.47","MONTREAL INTL A","7025251","2024-05-19 23:00","2024","05","19","23:00"
"-73.74","45.47","MONTREAL INTL A","7025251","2024-05-20 00:00","2024","05","20","00:00"
"-73.74","45.47","MONTREAL INTL A","7025251","2024-05-20 01:00","2024","05","20","01:00"
"-73.74","45.47","MONTREAL INTL A","7025251","2024-05-20 02:00","2024","05","20","02:00"
"-73.74","45.47","MONTREAL INTL A","7025251","2024-05-20 03:00","2024","05","20","03:00"
"-73.74","45.47","MONTREAL INTL A","7025251","2024-05-20 04:00","2024","05","20","04:00"
"-73.74","45.47","MONTREAL INTL A","7025251","2024-05-20 05:00","2024","05","20","05:00"
"-73.74","45.47","MONTREAL INTL A","7025251","2024-05-20 06:00","2024","05","20","06:00"
"-73.74","45.47","MONTREAL INTL A","7025251","2024-05-20 07:00","2024","05","20","07:00"
"-73.74","45.47","MONTREAL INTL A","7025251","2024-05-20 08:00","2024","05","20","08:00"
"-73.74","45.47","MONTREAL INTL A","7025251","2024-05-20 09:00","2024","05","20","09:00"
"-73.74","45.47","MONTREAL INTL A","7025251","2024-05-20 10:00","2024","05","20","10:00"
"-73.74","45.47","MONTREAL INTL A","7025251","2024-05-20 11:00","2024","05","20","11:00"
"-73.74","45.47","MONTREAL INTL A","7025251","2024-05-20 12:00","2024","05","20","12:00"
"-73.74","45.47","MONTREAL INTL A","7025251","2024-05-20 13:00","2024","05","20","13:00"
"-73.74","45.47","MONTREAL INTL A","7025251","2024-05-20 14:00","2024","05","20","14:00"
"-73.74","45.47","MONTREAL INTL A","7025251","2024-05-20 15:00","2024","05","20","15:00"
"-73.74","45.47","MONTREAL INTL A","7025251","2024-05-20 16:00","2024","05","20","16:00"
"-73.74","45.47","MONTREAL INTL A","7025251","2024-05-20 17:00","2024","05","20","17:00"
"-73.74","45.47","MONTREAL INTL A","7025251","2024-05-20 18:00","2024","05","20","18:00"
"-73.74","45.47","MONTREAL INTL A","7025251","2024-05-20 19:00","2024","05","20","19:00"
"-73.74","45.47","MONTREAL INTL A","7025251","2024-05-20 20:00","2024","05","20","20:00"
"-73.74","45.47","MONTREAL INTL A","7025251","2024-05-20 21:00","2024","05","20","21:00"
"-73.74","45.47","MONTREAL INTL A","7025251","2024-05-20 22:00","2024","05","20","22:00"
"-73.74","45.47","MONTREAL INTL A","7025251","2024-05-20 23:00","2024","05","20","23:00"
"-73.74","45.47","MONTREAL INTL A","7025251","2024-05-21 00:00","2024","05","21","00:00"
"-73.74","45.47","MONTREAL INTL A","7025251","2024-05-21 01:00","2024","05","21","01:00"
"-73.74","45.47","MONTREAL INTL A","7025251","2024-05-21 02:00","2024","05","21","02:00"
"-73.74","45.47","MONTREAL INTL A","7025251","2024-05-21 03:00","2024","05","21","03:00"
"-73.74","45.47","MONTREAL INTL A","7025251","2024-05-21 04:00","2024","05","21","04:00"
"-73.74","45.47","MONTREAL INTL A","7025251","2024-05-21 05:00","2024","05","21","05:00"
"-73.74","45.47","MONTREAL INTL A","7025251","2024-05-21 06:00","2024","05","21","06:00"
"-73.74","45.47","MONTREAL INTL A","7025251","2024-05-21 07:00","2024","05","21","07:00"
"-73.74","45.47","MONTREAL INTL A","7025251","2024-05-21 08:00","2024","05","21","08:00"
"-73.74","45.47","MONTREAL INTL A","7025251","2024-05-21 09:00","2024","05","21","09:00"
"-73.74","45.47","MONTREAL INTL A","7025251","2024-05-21 10:00","2024","05","21","10:00"
"-73.74","45.47","MONTREAL INTL A","7025251","2024-05-21 11:00","2024","05","21","11:00"
"-73.74","45.47","MONTREAL INTL A","7025251","2024-05-21 12:00","2024","05","21","12:00"
"-73.74","45.47","MONTREAL INTL A","7025251","2024-05-21 13:00","2024","05","21","13:00"
"-73.74","45.47","MONTREAL INTL A","7025251","2024-05-21 14:00","2024","05","21","14:00"
"-73.74","45.47","MONTREAL INTL A","7025251","2024-05-21 15:00","2024","05","21","15:00"
"-73.74","45.47","MONTREAL INTL A","7025251","2024-05-21 16:00","2024","05","21","16:00"
"-73.74","45.47","MONTREAL INTL A","7025251","2024-05-21 17:00","2024","05","21","17:00"
"-73.74","45.47","MONTREAL INTL A","7025251","2024-05-21 18:00","2024","05","21","18:00"
"-73.74","45.47","MONTREAL INTL A","7025251","2024-05-21 19:00","2024","05","21","19:00"
"-73.74","45.47","MONTREAL INTL A","7025251","2024-05-21 20:00","2024","05","21","20:00"
"-73.74","45.47","MONTREAL INTL A","7025251","2024-05-21 21:00","2024","05","21","21:00"
"-73.74","45.47","MONTREAL INTL A","7025251","2024-05-21 22:00","2024","05","21","22:00"
"-73.74","45.47","MONTREAL INTL A","7025251","2024-05-21 23:00","2024","05","21","23:00"
"-73.74","45.47","MONTREAL INTL A","7025251","2024-05-22 00:00","2024","05","22","00:00"
"-73.74","45.47","MONTREAL INTL A","7025251","2024-05-22 01:00","2024","05","22","01:00"
"-73.74","45.47","MONTREAL INTL A","7025251","2024-05-22 02:00","2024","05","22","02:00"
"-73.74","45.47","MONTREAL INTL A","7025251","2024-05-22 03:00","2024","05","22","03:00"
"-73.74","45.47","MONTREAL INTL A","7025251","2024-05-22 04:00","2024","05","22","04:00"
"-73.74","45.47","MONTREAL INTL A","7025251","2024-05-22 05:00","2024","05","22","05:00"
"-73.74","45.47","MONTREAL INTL A","7025251","2024-05-22 06:00","2024","05","22","06:00"
"-73.74","45.47","MONTREAL INTL A","7025251","2024-05-22 07:00","2024","05","22","07:00"
"-73.74","45.47","MONTREAL INTL A","7025251","2024-05-22 08:00","2024","05","22","08:00"
"-73.74","45.47","MONTREAL INTL A","7025251","2024-05-22 09:00","2024","05","22","09:00"
"-73.74","45.47","MONTREAL INTL A","7025251","2024-05-22 10:00","2024","05","22","10:00"
"-73.74","45.47","MONTREAL INTL A","7025251","2024-05-22 11:00","2024","05","22","11:00"
"-73.74","45.47","MONTREAL INTL A","7025251","2024-05-22 12:00","2024","05","22","12:00"
"-73.74","45.47","MONTREAL INTL A","7025251","2024-05-22 13:00","2024","05","22","13:00"
"-73.74","45.47","MONTREAL INTL A","7025251","2024-05-22 14:00","2024","05","22","14:00"
"-73.74","45.47","MONTREAL INTL A","7025251","2024-05-22 15:00","2024","05","22","15:00"
"-73.74","45.47","MONTREAL INTL A","7025251","2024-05-22 16:00","2024","05","22","16:00"
"-73.74","45.47","MONTREAL INTL A","7025251","2024-05-22 17:00","2024","05","22","17:00"
"-73.74","45.47","MONTREAL INTL A","7025251","2024-05-22 18:00","2024","05","22","18:00"
"-73.74","45.47","MONTREAL INTL A","7025251","2024-05-22 19:00","2024","05","22","19:00"
"-73.74","45.47","MONTREAL INTL A","7025251","2024-05-22 20:00","2024","05","22","20:00"
"-73.74","45.47","MONTREAL INTL A","7025251","2024-05-22 21:00","2024","05","22","21:00"
"-73.74","45.47","MONTREAL INTL A","7025251","2024-05-22 22:00","2024","05","22","22:00"
"-73.74","45.47","MONTREAL INTL A","7025251","2024-05-22 23:00","2024","05","22","23:00"
"-73.74","45.47","MONTREAL INTL A","7025251","2024-05-23 00:00","2024","05","23","00:00"
"-73.74","45.47","MONTREAL INTL A","7025251","2024-05-23 01:00","2024","05","23","01:00"
"-73.74","45.47","MONTREAL INTL A","7025251","2024-05-23 02:00","2024","05","23","02:00"
"-73.74","45.47","MONTREAL INTL A","7025251","2024-05-23 03:00","2024","05","23","03:00"
"-73.74","45.47","MONTREAL INTL A","7025251","2024-05-23 04:00","2024","05","23","04:00"
"-73.74","45.47","MONTREAL INTL A","7025251","2024-05-23 05:00","2024","05","23","05:00"
"-73.74","45.47","MONTREAL INTL A","7025251","2024-05-23 06:00","2024","05","23","06:00"
"-73.74","45.47","MONTREAL INTL A","7025251","2024-05-23 07:00","2024","05","23","07:00"
"-73.74","45.47","MONTREAL INTL A","7025251","2024-05-23 08:00","2024","05","23","08:00"
"-73.74","45.47","MONTREAL INTL A","7025251","2024-05-23 09:00","2024","05","23","09:00"
"-73.74","45.47","MONTREAL INTL A","7025251","2024-05-23 10:00","2024","05","23","10:00"
"-73.74","45.47","MONTREAL INTL A","7025251","2024-05-23 11:00","2024","05","23","11:00"
"-73.74","45.47","MONTREAL INTL A","7025251","2024-05-23 12:00","2024","05","23","12:00"
"-73.74","45.47","MONTREAL INTL A","7025251","2024-05-23 13:00","2024","05","23","13:00"
"-73.74","45.47","MONTREAL INTL A","7025251","2024-05-23 14:00","2024","05","23","14:00"
"-73.74","45.47","MONTREAL INTL A","7025251","2024-05-23 15:00","2024","05","23","15:00"
"-73.74","45.47","MONTREAL INTL A","7025251","2024-05-23 16:00","2024","05","23","16:00"
"-73.74","45.47","MONTREAL INTL A","7025251","2024-05-23 17:00","2024","05","23","17:00"
"-73.74","45.47","MONTREAL INTL A","7025251","2024-05-23 18:00","2024","05","23","18:00"
"-73.74","45.47","MONTREAL INTL A","7025251","2024-05-23 19:00","2024","05","23","19:00"
"-73.74","45.47","MONTREAL INTL A","7025251","2024-05-23 20:00","2024","05","23","20:00"
"-73.74","45.47","MONTREAL INTL A","7025251","2024-05-23 21:00","2024","05","23","21:00"
"-73.74","45.47","MONTREAL INTL A","7025251","2024-05-23 22:00","2024","05","23","22:00"
"-73.74","45.47","MONTREAL INTL A","7025251","2024-05-23 23:00","2024","05","23","23:00"
"-73.74","45.47","MONTREAL INTL A","7025251","2024-05-24 00:00","2024","05","24","00:00"
"-73.74","45.47","MONTREAL INTL A","7025251","2024-05-24 01:00","2024","05","24","01:00"
"-73.74","45.47","MONTREAL INTL A","7025251","2024-05-24 02:00","2024","05","24","02:00"
"-73.74","45.47","MONTREAL INTL A","7025251","2024-05-24 03:00","2024","05","24","03:00"
"-73.74","45.47","MONTREAL INTL A","7025251","2024-05-24 04:00","2024","05","24","04:00"
"-73.74","45.47","MONTREAL INTL A","7025251","2024-05-24 05:00","2024","05","24","05:00"
"-73.74","45.47","MONTREAL INTL A","7025251","2024-05-24 06:00","2024","05","24","06:00"
"-73.74","45.47","MONTREAL INTL A","7025251","2024-05-24 07:00","2024","05","24","07:00"
"-73.74","45.47","MONTREAL INTL A","7025251","2024-05-24 08:00","2024","05","24","08:00"
"-73.74","45.47","MONTREAL INTL A","7025251","2024-05-24 09:00","2024","05","24","09:00"
"-73.74","45.47","MONTREAL INTL A","7025251","2024-05-24 10:00","2024","05","24","10:00"
"-73.74","45.47","MONTREAL INTL A","7025251","2024-05-24 11:00","2024","05","24","11:00"
"-73.74","45.47","MONTREAL INTL A","7025251","2024-05-24 12:00","2024","05","24","12:00"
"-73.74","45.47","MONTREAL INTL A","7025251","2024-05-24 13:00","2024","05","24","13:00"
"-73.74","45.47","MONTREAL INTL A","7025251","2024-05-24 14:00","2024","05","24","14:00"
"-73.74","45.47","MONTREAL INTL A","7025251","2024-05-24 15:00","2024","05","24","15:00"
"-73.74","45.47","MONTREAL INTL A","7025251","2024-05-24 16:00","2024","05","24","16:00"
"-73.74","45.47","MONTREAL INTL A","7025251","2024-05-24 17:00","2024","05","24","17:00"
"-73.74","45.47","MONTREAL INTL A","7025251","2024-05-24 18:00","2024","05","24","18:00"
"-73.74","45.47","MONTREAL INTL A","7025251","2024-05-24 19:00","2024","05","24","19:00"
"-73.74","45.47","MONTREAL INTL A","7025251","2024-05-24 20:00","2024","05","24","20:00"
"-73.74","45.47","MONTREAL INTL A","7025251","2024-05-24 21:00","2024","05","24","21:00"
"-73.74","45.47","MONTREAL INTL A","7025251","2024-05-24 22:00","2024","05","24","22:00"
"-73.74","45.47","MONTREAL INTL A","7025251","2024-05-24 23:00","2024","05","24","23:00"
"-73.74","45.47","MONTREAL INTL A","7025251","2024-05-25 00:00","2024","05","25","00:00"
"-73.74","45.47","MONTREAL INTL A","7025251","2024-05-25 01:00","2024","05","25","01:00"
"-73.74","45.47","MONTREAL INTL A","7025251","2024-05-25 02:00","2024","05","25","02:00"
"-73.74","45.47","MONTREAL INTL A","7025251","2024-05-25 03:00","2024","05","25","03:00"
"-73.74","45.47","MONTREAL INTL A","7025251","2024-05-25 04:00","2024","05","25","04:00"
"-73.74","45.47","MONTREAL INTL A","7025251","2024-05-25 05:00","2024","05","25","05:00"
"-73.74","45.47","MONTREAL INTL A","7025251","2024-05-25 06:00","2024","05","25","06:00"
"-73.74","45.47","MONTREAL INTL A","7025251","2024-05-25 07:00","2024","05","25","07:00"
"-73.74","45.47","MONTREAL INTL A","7025251","2024-05-25 08:00","2024","05","25","08:00"
"-73.74","45.47","MONTREAL INTL A","7025251","2024-05-25 09:00","2024","05","25","09:00"
"-73.74","45.47","MONTREAL INTL A","7025251","2024-05-25 10:00","2024","05","25","10:00"
"-73.74","45.47","MONTREAL INTL A","7025251","2024-05-25 11:00","2024","05","25","11:00"
"-73.74","45.47","MONTREAL INTL A","7025251","2024-05-25 12:00","2024","05","25","12:00"
"-73.74","45.47","MONTREAL INTL A","7025251","2024-05-25 13:00","2024","05","25","13:00"
"-73.74","45.47","MONTREAL INTL A","7025251","2024-05-25 14:00","2024","05","25","14:00"
"-73.74","45.47","MONTREAL INTL A","7025251","2024-05-25 15:00","2024","05","25","15:00"
"-73.74","45.47","MONTREAL INTL A","7025251","2024-05-25 16:00","2024","05","25","16:00"
"-73.74","45.47","MONTREAL INTL A","7025251","2024-05-25 17:00","2024","05","25","17:00"
"-73.74","45.47","MONTREAL INTL A","7025251","2024-05-25 18:00","2024","05","25","18:00"
"-73.74","45.47","MONTREAL INTL A","7025251","2024-05-25 19:00","2024","05","25","19:00"
"-73.74","45.47","MONTREAL INTL A","7025251","2024-05-25 20:00","2024","05","25","20:00"
"-73.74","45.47","MONTREAL INTL A","7025251","2024-05-25 21:00","2024","05","25","21:00"
"-73.74","45.47","MONTREAL INTL A","7025251","2024-05-25 22:00","2024","05","25","22:00"
"-73.74","45.47","MONTREAL INTL A","7025251","2024-05-25 23:00","2024","05","25","23:00"
"-73.74","45.47","MONTREAL INTL A","7025251","2024-05-26 00:00","2024","05","26","00:00"
"-73.74","45.47","MONTREAL INTL A","7025251","2024-05-26 01:00","2024","05","26","01:00"
"-73.74","45.47","MONTREAL INTL A","7025251","2024-05-26 02:00","2024","05","26","02:00"
"-73.74","45.47","MONTREAL INTL A","7025251","2024-05-26 03:00","2024","05","26","03:00"
"-73.74","45.47","MONTREAL INTL A","7025251","2024-05-26 04:00","2024","05","26","04:00"
"-73.74","45.47","MONTREAL INTL A","7025251","2024-05-26 05:00","2024","05","26","05:00"
"-73.74","45.47","MONTREAL INTL A","7025251","2024-05-26 06:00","2024","05","26","06:00"
"-73.74","45.47","MONTREAL INTL A","7025251","2024-05-26 07:00","2024","05","26","07:00"
"-73.74","45.47","MONTREAL INTL A","7025251","2024-05-26 08:00","2024","05","26","08:00"
"-73.74","45.47","MONTREAL INTL A","7025251","2024-05-26 09:00","2024","05","26","09:00"
"-73.74","45.47","MONTREAL INTL A","7025251","2024-05-26 10:00","2024","05","26","10:00"
"-73.74","45.47","MONTREAL INTL A","7025251","2024-05-26 11:00","2024","05","26","11:00"
"-73.74","45.47","MONTREAL INTL A","7025251","2024-05-26 12:00","2024","05","26","12:00"
"-73.74","45.47","MONTREAL INTL A","7025251","2024-05-26 13:00","2024","05","26","13:00"
"-73.74","45.47","MONTREAL INTL A","7025251","2024-05-26 14:00","2024","05","26","14:00"
"-73.74","45.47","MONTREAL INTL A","7025251","2024-05-26 15:00","2024","05","26","15:00"
"-73.74","45.47","MONTREAL INTL A","7025251","2024-05-26 16:00","2024","05","26","16:00"
"-73.74","45.47","MONTREAL INTL A","7025251","2024-05-26 17:00","2024","05","26","17:00"
"-73.74","45.47","MONTREAL INTL A","7025251","2024-05-26 18:00","2024","05","26","18:00"
"-73.74","45.47","MONTREAL INTL A","7025251","2024-05-26 19:00","2024","05","26","19:00"
"-73.74","45.47","MONTREAL INTL A","7025251","2024-05-26 20:00","2024","05","26","20:00"
"-73.74","45.47","MONTREAL INTL A","7025251","2024-05-26 21:00","2024","05","26","21:00"
"-73.74","45.47","MONTREAL INTL A","7025251","2024-05-26 22:00","2024","05","26","22:00"
"-73.74","45.47","MONTREAL INTL A","7025251","2024-05-26 23:00","2024","05","26","23:00"
"-73.74","45.47","MONTREAL INTL A","7025251","2024-05-27 00:00","2024","05","27","00:00"
"-73.74","45.47","MONTREAL INTL A","7025251","2024-05-27 01:00","2024","05","27","01:00"
"-73.74","45.47","MONTREAL INTL A","7025251","2024-05-27 02:00","2024","05","27","02:00"
"-73.74","45.47","MONTREAL INTL A","7025251","2024-05-27 03:00","2024","05","27","03:00"
"-73.74","45.47","MONTREAL INTL A","7025251","2024-05-27 04:00","2024","05","27","04:00"
"-73.74","45.47","MONTREAL INTL A","7025251","2024-05-27 05:00","2024","05","27","05:00"
"-73.74","45.47","MONTREAL INTL A","7025251","2024-05-27 06:00","2024","05","27","06:00"
"-73.74","45.47","MONTREAL INTL A","7025251","2024-05-27 07:00","2024","05","27","07:00"
"-73.74","45.47","MONTREAL INTL A","7025251","2024-05-27 08:00","2024","05","27","08:00"
"-73.74","45.47","MONTREAL INTL A","7025251","2024-05-27 09:00","2024","05","27","09:00"
"-73.74","45.47","MONTREAL INTL A","7025251","2024-05-27 10:00","2024","05","27","10:00"
"-73.74","45.47","MONTREAL INTL A","7025251","2024-05-27 11:00","2024","05","27","11:00"
"-73.74","45.47","MONTREAL INTL A","7025251","2024-05-27 12:00","2024","05","27","12:00"
"-73.74","45.47","MONTREAL INTL A","7025251","2024-05-27 13:00","2024","05","27","13:00"
"-73.74","45.47","MONTREAL INTL A","7025251","2024-05-27 14:00","2024","05","27","14:00"
"-73.74","45.47","MONTREAL INTL A","7025251","2024-05-27 15:00","2024","05","27","15:00"
"-73.74","45.47","MONTREAL INTL A","7025251","2024-05-27 16:00","2024","05","27","16:00"
"-73.74","45.47","MONTREAL INTL A","7025251","2024-05-27 17:00","2024","05","27","17:00"
"-73.74","45.47","MONTREAL INTL A","7025251","2024-05-27 18:00","2024","05","27","18:00"
"-73.74","45.47","MONTREAL INTL A","7025251","2024-05-27 19:00","2024","05","27","19:00"
"-73.74","45.47","MONTREAL INTL A","7025251","2024-05-27 20:00","2024","05","27","20:00"
"-73.74","45.47","MONTREAL INTL A","7025251","2024-05-27 21:00","2024","05","27","21:00"
"-73.74","45.47","MONTREAL INTL A","7025251","2024-05-27 22:00","2024","05","27","22:00"
"-73.74","45.47","MONTREAL INTL A","7025251","2024-05-27 23:00","2024","05","27","23:00"
"-73.74","45.47","MONTREAL INTL A","7025251","2024-05-28 00:00","2024","05","28","00:00"
"-73.74","45.47","MONTREAL INTL A","7025251","2024-05-28 01:00","2024","05","28","01:00"
"-73.74","45.47","MONTREAL INTL A","7025251","2024-05-28 02:00","2024","05","28","02:00"
"-73.74","45.47","MONTREAL INTL A","7025251","2024-05-28 03:00","2024","05","28","03:00"
"-73.74","45.47","MONTREAL INTL A","7025251","2024-05-28 04:00","2024","05","28","04:00"
"-73.74","45.47","MONTREAL INTL A","7025251","2024-05-28 05:00","2024","05","28","05:00"
"-73.74","45.47","MONTREAL INTL A","7025251","2024-05-28 06:00","2024","05","28","06:00"
"-73.74","45.47","MONTREAL INTL A","7025251","2024-05-28 07:00","2024","05","28","07:00"
"-73.74","45.47","MONTREAL INTL A","7025251","2024-05-28 08:00","2024","05","28","08:00"
"-73.74","45.47","MONTREAL INTL A","7025251","2024-05-28 09:00","2024","05","28","09:00"
"-73.74","45.47","MONTREAL INTL A","7025251","2024-05-28 10:00","2024","05","28","10:00"
"-73.74","45.47","MONTREAL INTL A","7025251","2024-05-28 11:00","2024","05","28","11:00"
"-73.74","45.47","MONTREAL INTL A","7025251","2024-05-28 12:00","2024","05","28","12:00"
"-73.74","45.47","MONTREAL INTL A","7025251","2024-05-28 13:00","2024","05","28","13:00"
"-73.74","45.47","MONTREAL INTL A","7025251","2024-05-28 14:00","2024","05","28","14:00"
"-73.74","45.47","MONTREAL INTL A","7025251","2024-05-28 15:00","2024","05","28","15:00"
"-73.74","45.47","MONTREAL INTL A","7025251","2024-05-28 16:00","2024","05","28","16:00"
"-73.74","45.47","MONTREAL INTL A","7025251","2024-05-28 17:00","2024","05","28","17:00"
"-73.74","45.47","MONTREAL INTL A","7025251","2024-05-28 18:00","2024","05","28","18:00"
"-73.74","45.47","MONTREAL INTL A","7025251","2024-05-28 19:00","2024","05","28","19:00"
"-73.74","45.47","MONTREAL INTL A","7025251","2024-05-28 20:00","2024","05","28","20:00"
"-73.74","45.47","MONTREAL INTL A","7025251","2024-05-28 21:00","2024","05","28","21:00"
"-73.74","45.47","MONTREAL INTL A","7025251","2024-05-28 22:00","2024","05","28","22:00"
"-73.74","45.47","MONTREAL INTL A","7025251","2024-05-28 23:00","2024","05","28","23:00"
"-73.74","45.47","MONTREAL INTL A","7025251","2024-05-29 00:00","2024","05","29","00:00"
"-73.74","45.47","MONTREAL INTL A","7025251","2024-05-29 01:00","2024","05","29","01:00"
"-73.74","45.47","MONTREAL INTL A","7025251","2024-05-29 02:00","2024","05","29","02:00"
"-73.74","45.47","MONTREAL INTL A","7025251","2024-05-29 03:00","2024","05","29","03:00"
"-73.74","45.47","MONTREAL INTL A","7025251","2024-05-29 04:00","2024","05","29","04:00"
"-73.74","45.47","MONTREAL INTL A","7025251","2024-05-29 05:00","2024","05","29","05:00"
"-73.74","45.47","MONTREAL INTL A","7025251","2024-05-29 06:00","2024","05","29","06:00"
"-73.74","45.47","MONTREAL INTL A","7025251","2024-05-29 07:00","2024","05","29","07:00"
"-73.74","45.47","MONTREAL INTL A","7025251","2024-05-29 08:00","2024","05","29","08:00"
"-73.74","45.47","MONTREAL INTL A","7025251","2024-05-29 09:00","2024","05","29","09:00"
"-73.74","45.47","MONTREAL INTL A","7025251","2024-05-29 10:00","2024","05","29","10:00"
"-73.74","45.47","MONTREAL INTL A","7025251","2024-05-29 11:00","2024","05","29","11:00"
"-73.74","45.47","MONTREAL INTL A","7025251","2024-05-29 12:00","2024","05","29","12:00"
"-73.74","45.47","MONTREAL INTL A","7025251","2024-05-29 13:00","2024","05","29","13:00"
"-73.74","45.47","MONTREAL INTL A","7025251","2024-05-29 14:00","2024","05","29","14:00"
"-73.74","45.47","MONTREAL INTL A","7025251","2024-05-29 15:00","2024","05","29","15:00"
"-73.74","45.47","MONTREAL INTL A","7025251","2024-05-29 16:00","2024","05","29","16:00"
"-73.74","45.47","MONTREAL INTL A","7025251","2024-05-29 17:00","2024","05","29","17:00"
"-73.74","45.47","MONTREAL INTL A","7025251","2024-05-29 18:00","2024","05","29","18:00"
"-73.74","45.47","MONTREAL INTL A","7025251","2024-05-29 19:00","2024","05","29","19:00"
"-73.74","45.47","MONTREAL INTL A","7025251","2024-05-29 20:00","2024","05","29","20:00"
"-73.74","45.47","MONTREAL INTL A","7025251","2024-05-29 21:00","2024","05","29","21:00"
"-73.74","45.47","MONTREAL INTL A","7025251","2024-05-29 22:00","2024","05","29","22:00"
"-73.74","45.47","MONTREAL INTL A","7025251","2024-05-29 23:00","2024","05","29","23:00"
"-73.74","45.47","MONTREAL INTL A","7025251","2024-05-30 00:00","2024","05","30","00:00"
"-73.74","45.47","MONTREAL INTL A","7025251","2024-05-30 01:00","2024","05","30","01:00"
"-73.74","45.47","MONTREAL INTL A","7025251","2024-05-30 02:00","2024","05","30","02:00"
"-73.74","45.47","MONTREAL INTL A","7025251","2024-05-30 03:00","2024","05","30","03:00"
"-73.74","45.47","MONTREAL INTL A","7025251","2024-05-30 04:00","2024","05","30","04:00"
"-73.74","45.47","MONTREAL INTL A","7025251","2024-05-30 05:00","2024","05","30","05:00"
"-73.74","45.47","MONTREAL INTL A","7025251","2024-05-30 06:00","2024","05","30","06:00"
"-73.74","45.47","MONTREAL INTL A","7025251","2024-05-30 07:00","2024","05","30","07:00"
"-73.74","45.47","MONTREAL INTL A","7025251","2024-05-30 08:00","2024","05","30","08:00"
"-73.74","45.47","MONTREAL INTL A","7025251","2024-05-30 09:00","2024","05","30","09:00"
"-73.74","45.47","MONTREAL INTL A","7025251","2024-05-30 10:00","2024","05","30","10:00"
"-73.74","45.47","MONTREAL INTL A","7025251","2024-05-30 11:00","2024","05","30","11:00"
"-73.74","45.47","MONTREAL INTL A","7025251","2024-05-30 12:00","2024","05","30","12:00"
"-73.74","45.47","MONTREAL INTL A","7025251","2024-05-30 13:00","2024","05","30","13:00"
"-73.74","45.47","MONTREAL INTL A","7025251","2024-05-30 14:00","2024","05","30","14:00"
"-73.74","45.47","MONTREAL INTL A","7025251","2024-05-30 15:00","2024","05","30","15:00"
"-73.74","45.47","MONTREAL INTL A","7025251","2024-05-30 16:00","2024","05","30","16:00"
"-73.74","45.47","MONTREAL INTL A","7025251","2024-05-30 17:00","2024","05","30","17:00"
"-73.74","45.47","MONTREAL INTL A","7025251","2024-05-30 18:00","2024","05","30","18:00"
"-73.74","45.47","MONTREAL INTL A","7025251","2024-05-30 19:00","2024","05","30","19:00"
"-73.74","45.47","MONTREAL INTL A","7025251","2024-05-30 20:00","2024","05","30","20:00"
"-73.74","45.47","MONTREAL INTL A","7025251","2024-05-30 21:00","2024","05","30","21:00"
"-73.74","45.47","MONTREAL INTL A","7025251","2024-05-30 22:00","2024","05","30","22:00"
"-73.74","45.47","MONTREAL INTL A","7025251","2024-05-30 23:00","2024","05","30","23:00"
"-73.74","45.47","MONTREAL INTL A","7025251","2024-05-31 00:00","2024","05","31","00:00"
"-73.74","45.47","MONTREAL INTL A","7025251","2024-05-31 01:00","2024","05","31","01:00"
"-73.74","45.47","MONTREAL INTL A","7025251","2024-05-31 02:00","2024","05","31","02:00"
"-73.74","45.47","MONTREAL INTL A","7025251","2024-05-31 03:00","2024","05","31","03:00"
"-73.74","45.47","MONTREAL INTL A","7025251","2024-05-31 04:00","2024","05","31","04:00"
"-73.74","45.47","MONTREAL INTL A","7025251","2024-05-31 05:00","2024","05","31","05:00"
"-73.74","45.47","MONTREAL INTL A","7025251","2024-05-31 06:00","2024","05","31","06:00"
"-73.74","45.47","MONTREAL INTL A","7025251","2024-05-31 07:00","2024","05","31","07:00"
"-73.74","45.47","MONTREAL INTL A","7025251","2024-05-31 08:00","2024","05","31","08:00"
"-73.74","45.47","MONTREAL INTL A","7025251","2024-05-31 09:00","2024","05","31","09:00"
"-73.74","45.47","MONTREAL INTL A","7025251","2024-05-31 10:00","2024","05","31","10:00"
"-73.74","45.47","MONTREAL INTL A","7025251","2024-05-31 11:00","2024","05","31","11:00"
"-73.74","45.47","MONTREAL INTL A","7025251","2024-05-31 12:00","2024","05","31","12:00"
"-73.74","45.47","MONTREAL INTL A","7025251","2024-05-31 13:00","2024","05","31","13:00"
"-73.74","45.47","MONTREAL INTL A","7025251","2024-05-31 14:00","2024","05","31","14:00"
"-73.74","45.47","MONTREAL INTL A","7025251","2024-05-31 15:00","2024","05","31","15:00"
"-73.74","45.47","MONTREAL INTL A","7025251","2024-05-31 16:00","2024","05","31","16:00"
"-73.74","45.47","MONTREAL INTL A","7025251","2024-05-31 17:00","2024","05","31","17:00"
"-73.74","45.47","MONTREAL INTL A","7025251","2024-05-31 18:00","2024","05","31","18:00"
"-73.74","45.47","MONTREAL INTL A","7025251","2024-05-31 19:00","2024","05","31","19:00"
"-73.74","45.47","MONTREAL INTL A","7025251","2024-05-31 20:00","2024","05","31","20:00"
"-73.74","45.47","MONTREAL INTL A","7025251","2024-05-31 21:00","2024","05","31","21:00"
"-73.74","45.47","MONTREAL INTL A","7025251","2024-05-31 22:00","2024","05","31","22:00"
"-73.74","45.47","MONTREAL INTL A","7025251","2024-05-31 23:00","2024","05","31","23:00"
